student,marks,Mean Devition,Absolute Deviation
1,45,19.57142857142857,19.57142857142857
2,78,-13.42857142857143,13.42857142857143
3,62,2.5714285714285694,2.5714285714285694
4,55,9.57142857142857,9.57142857142857
5,90,-25.42857142857143,25.42857142857143
6,72,-7.428571428571431,7.428571428571431
7,50,14.57142857142857,14.57142857142857
